-- phpMyAdmin SQL Dump
-- version 5.1.2
-- https://www.phpmyadmin.net/
--
-- Host: localhost:3306
-- Generation Time: Jun 14, 2023 at 08:19 AM
-- Server version: 5.7.24
-- PHP Version: 8.0.1

SET SQL_MODE = "NO_AUTO_VALUE_ON_ZERO";
START TRANSACTION;
SET time_zone = "+00:00";


/*!40101 SET @OLD_CHARACTER_SET_CLIENT=@@CHARACTER_SET_CLIENT */;
/*!40101 SET @OLD_CHARACTER_SET_RESULTS=@@CHARACTER_SET_RESULTS */;
/*!40101 SET @OLD_COLLATION_CONNECTION=@@COLLATION_CONNECTION */;
/*!40101 SET NAMES utf8mb4 */;

--
-- Database: `petgram`
--

-- --------------------------------------------------------

--
-- Table structure for table `comments`
--

CREATE TABLE `comments` (
  `id` int(11) NOT NULL,
  `user_id` varchar(10) NOT NULL,
  `fullName` varchar(50) NOT NULL,
  `story_id` varchar(10) NOT NULL,
  `comment` text NOT NULL,
  `date` date NOT NULL,
  `time` varchar(5) NOT NULL
) ENGINE=InnoDB DEFAULT CHARSET=utf8mb4;

--
-- Dumping data for table `comments`
--

INSERT INTO `comments` (`id`, `user_id`, `fullName`, `story_id`, `comment`, `date`, `time`) VALUES
(17, 'A1b2C3d4E5', 'Usuario 1 Apellido 1', 'Sd158', 'hola', '2023-06-09', '0:39'),
(18, 'A1b2C3d4E5', 'Usuario 1 Apellido 1', 'Sd158', 'que tal', '2023-06-09', '0:40'),
(19, 'E1f2G3h4I5', 'Usuario 7 Apellido 7', 'Sd158', 'hola buenas', '2023-06-09', '0:44'),
(20, 'E1f2G3h4I5', 'Usuario 7 Apellido 7', 'Sd158', 'que bonito gato tienes jajaja', '2023-06-09', '0:46'),
(21, 'A1b2C3d4E5', 'Usuario 1 Apellido 1', 'Sd158', 'gracias', '2023-06-09', '0:46'),
(22, 'A1b2C3d4E5', 'Usuario 1 Apellido 1', 'Sd158', 'tu perro tambien es precioso', '2023-06-09', '0:46'),
(23, 'E1f2G3h4I5', 'Usuario 7 Apellido 7', 'Sd158', 'jajaja', '2023-06-09', '0:47');

-- --------------------------------------------------------

--
-- Table structure for table `followers`
--

CREATE TABLE `followers` (
  `id` int(11) NOT NULL,
  `follower_id` varchar(10) NOT NULL,
  `user_id` varchar(10) NOT NULL,
  `type` varchar(2) NOT NULL
) ENGINE=InnoDB DEFAULT CHARSET=utf8;

--
-- Dumping data for table `followers`
--

INSERT INTO `followers` (`id`, `follower_id`, `user_id`, `type`) VALUES
(1, 'E1f2G3h4I5', 'A1b2C3d4E5', 'fs'),
(2, 'K1l2M3n4O5', 'A1b2C3d4E5', 'fs');

-- --------------------------------------------------------

--
-- Table structure for table `likes`
--

CREATE TABLE `likes` (
  `id` int(11) NOT NULL,
  `user_id` varchar(10) NOT NULL,
  `story_id` varchar(10) NOT NULL
) ENGINE=InnoDB DEFAULT CHARSET=utf8mb4;

--
-- Dumping data for table `likes`
--

INSERT INTO `likes` (`id`, `user_id`, `story_id`) VALUES
(3, 'A1b2C3d4E5', 'Sd158');

-- --------------------------------------------------------

--
-- Table structure for table `pets`
--

CREATE TABLE `pets` (
  `pet_id` varchar(10) NOT NULL,
  `user_id` varchar(10) NOT NULL,
  `name` varchar(10) NOT NULL,
  `birthDay` date NOT NULL,
  `gender` varchar(1) NOT NULL,
  `type` int(2) NOT NULL,
  `race` int(2) NOT NULL,
  `description` varchar(100) NOT NULL
) ENGINE=InnoDB DEFAULT CHARSET=utf8mb4;

--
-- Dumping data for table `pets`
--

INSERT INTO `pets` (`pet_id`, `user_id`, `name`, `birthDay`, `gender`, `type`, `race`, `description`) VALUES
('A6b7C8d9E0', 'A1b2C3d4E5', 'Mascota 4', '2013-04-04', 'F', 2, 2, 'Descripción de la mascota 4'),
('K1l2M3n4O5', 'A1b2C3d4E5', 'Mascota 3', '2012-03-03', 'M', 1, 1, 'Descripción de la mascota 3'),
('P1q2R3s4T5', 'A1b2C3d4E5', 'Mascota 1', '2010-01-01', 'M', 1, 1, 'Descripción de la mascota 1'),
('U6v7W8x9Y0', 'F6g7H8i9J0', 'Mascota 2', '2011-02-02', 'F', 2, 2, 'Descripción de la mascota 2'),
('Z1a2B3c4D5', 'U1v2W3x4Y5', 'Mascota 5', '2014-05-05', 'M', 1, 1, 'Descripción de la mascota 5');

-- --------------------------------------------------------

--
-- Table structure for table `storys`
--

CREATE TABLE `storys` (
  `id` varchar(10) NOT NULL,
  `pet_id` varchar(10) NOT NULL,
  `user_id` varchar(10) NOT NULL,
  `url` text NOT NULL,
  `type` varchar(10) NOT NULL,
  `description` varchar(100) NOT NULL
) ENGINE=InnoDB DEFAULT CHARSET=utf8mb4;

--
-- Dumping data for table `storys`
--

INSERT INTO `storys` (`id`, `pet_id`, `user_id`, `url`, `type`, `description`) VALUES
('Sd158', 'A6b7C8d9E0', 'A1b2C3d4E5', 'data:image/jpeg;base64,/9j/4AAQSkZJRgABAQAAAQABAAD/2wCEAAoHCBUVFRgVFRUYGBgYGRkZGBkYGBgYGBgYGBgaGhgYGBgcIS4lHB4rHxgYJjgmKy8xNTU1GiQ7QDs0Py40NTEBDAwMEA8QHhISGjQhISE0NDQ0NDQ0NDQ0NDQxNDQ0NDExMTE0MTQ0MTQ0NDQ0NDE0NDQxNDQ0NDQxMTQ0NT80NP/AABEIARMAtwMBIgACEQEDEQH/xAAcAAABBQEBAQAAAAAAAAAAAAAFAgMEBgcAAQj/xAA4EAACAQIFAQYDBwQCAwEAAAABAgADEQQFEiExQQYiUWFxkYGhsQcTMmLB0fBCUnLhI4IUM7IV/8QAGAEAAwEBAAAAAAAAAAAAAAAAAQIDAAT/xAAhEQEBAAICAwEAAwEAAAAAAAAAAQIRITESMkEDEyJRQv/aAAwDAQACEQMRAD8AD0eJDzFO6ZLw3EZxy90zp+ObfKL2Ge2JT/Kb3h/wifPnZZ9OKT/MfWfQWD/AJHJeHbRmqI/G6oiiiETwxbCIMzI2IXaAscsP1+IExohKpuepsZn+YDvTRs9XYzPMzHeMPxvqJheZZ8i/GPWVnDcyxZK9nHrDOgvbZcrHcX0hMQTlL3RfSFFMWjE3CScJAwcICCmjyeMIqeGAUdxIlUSY8iVRMyBVE6LqCdMzJcNxPMWO6YrDcRWIGxnU5Vdyl9OJU/mH1n0Pl5ug9J86UTprj1H1n0PkrXpqfyj6SGTonSdG6gjkQ8QUVhEERxokiFkasNoGxohuqIHxohZUc8XYzOs1HeM0vOl7pmcZwu5h+F+huH5lgyo98SvUDvDuVN3xNOgvbZck/AvpDSCA+zxuiw6ogoxLwknCQsJJwgpo8nhi4gwCaqSJUEl1JGqCZkKqJ5FVRPZmZFh+IuqNonDDaOVBOpyKrXFqw9Z9AdmXvQQ/kX6TAseLVR6zc+xj3wyf4iQy7dGPSwRupHCY3U4iGQKtW0b/APIEZxWEdiShHmDwfQwaXIbQ4Kt4Hr5qeoi7PMRSpXEGYprz28bqQyhcdK/nK90zN87G5mm5svdMzfPl3MpOk72r6NvC+Bq2IgQHeEMM+4m+DrlrXZjOVChSZaBmiW2MyLKAzsFQFmOwA5M0fC5F9zTJqm7sNlHQkcevEj5ZWun+PCTdq05Tig4uDDQlS7LjSunwJ+stiGNLuJZSS2QqJMVEmEpppGqSU8jVJmQqs6dVnQMyPDCPOI3ho+4nY5FWzgWcHzmx/Z9V1YZPK4+cyDP13Bml/ZViNVAjwY/MSGfbow9V/MQ5i2kWq0QxNQWAt5xjGYVai2bkbgjkHxEXXfuqwB6jrtE0q+oRLo82DMpU6X56Ho3mImom14QzTC/eJax8iOQfGCmdqCrra4LWF+fQnrJ+erpTw8oHZilwRM87RYYi8vmdYt04W4ILX8tVh/POQ8HglrgmqvdBN/G43tK+XG0/42RFDqsAfgL7eML5VltSq6oiEs1gBbx6+k11cppU6eqlRQ3AB23ZdWq3vaHsGiIDVZVU23YgCw52gn6fNDfy1zsP7M9nEwSamsapHec8IP7V8/ExWOqFjcBv8jsAPBb/ALfGTP8A9MOb06bP+Zu6v/UkGMYh3P4/uwPDdjbpta00gW1MyVRyOu973v7bSyrAGVNe1/0/SWBOI06C9lRDGLiGEwGKjSM7SU6Rl0mYNrPOjlelPYBZNhpIcSPhuZLcTscatdoU2vLl9kVbaovgVPylT7QJ3Ib+yataq6+Kg+xkc+3R+fq2RjIlVLx9zGNZMmZy0O4QD1uPI9eYhduff99opH3sTI9Rw1xJZZLY4nKz7GA89oLVQIbg6lItzt/DC1K4YBuN7eEC4d3eviQwOmkg02tuz3O3oFHzk7LeVJZOAXH1woFMg3VNmI2sLFifgCZHw4b7svfSiM23929rk9e6TH84rFlSkqHvJ3mt+PY6gOoFtXt5z3MSzvRpDZFpl6ijbvC/4j0/1Gl40F7IXODpQJcrYd7jqL/MyXjc2FcKnKhrkC4Fl6tbp9dpWuwdE1aFSvVJKAsAOBzcqo89vaM4hiCSpNifO6jw39oPHQeW1vw+OZzZF2G3IA26CxEVUBDi4W/XkkDnqbwHgMxAQKjql+pUH+GS8TUSmNTOCSd9N1v63vf5SnkXS2ZJWve/j0uPrLNTtaUvIMajrdPmbmWjD17iNj0nl2ICeGNipFa4QePGWEdZo0zTMjVVnT2ownQCx3D8yc42kCjzCJG07HGBZ4ncMe+zCrbFW8VPyis3TuGDuwdTTjE8yR7iS/Ttb8um+MdolKYJN+IleBFhrSZ45KS82kNyFa8lV62lduTxteQtFMsA5v138fSc+ToxV3NO1Lh3FLD60p/jqM+hAebaiDxtC+W4hcQrsqNTqlVLo1iWUE6GUg2ZT3gGHmDY7Sr59Tc0K+Cd1pGpUJSo+yPSeoHIVvwhtN0sfAeMI5SjUcVhkXV92lGohbgVCxDAAHchdI73G53j2STsktuV1EvNQiAuRytl+O1h7ykY/MTVSodWhB3S+wPBD2t0AaWP7QKw+5Cqf6rE9LWN/jeZr2gqA4ehh6WpnLM7qoJJtxsOeflExktUytkGMv7ZU6aLQo0KhVBYadNyB4KTck8nqYXONw+LpaqbAsBuDs2/I3t85TK+HFeujrppBQi6LkFNCqNOmwN73bi5LGXrLcipKlavW7n3tR3RN0ZU4UvbcE/iI6apTKa6TxtvarISr232PF/2k/GoWW5IXba0HY7EhHulyt+u59b/ALySMcGXu2339ZOnSMqx1WkVdDqAPeHl16zVslxodAeDYGx85jeHxLK4I2BPT9pqPZ59SL022/15R8eyZ9LM7CcHkBmYTlxNpRNMdzFIhMipiRJVPEiYTVemZ0XXxAnQMxtOYTUbQYvMKUvwzrccDcyW6GAOybacZSP5/rLJjl7plZyRtOJQ+Dj6yf6Lfk+gqR7o9IsreNYY3UekfUSSkKpIOT04g7N8Jq3HI3kvE4nRsFuTPMI7PfUoHwEnlJeFcbZyAii6jW9RlHRVNr+sViKbqpqnU5AAAUFyBffYb+Ztc7Q5iMKANhvvbuqT8xOouFWxHU7WUc+kTw32f+TXTKu1+PDYfXs2pgtNbOGLbggoVuGBVhY8WMAdncsxGtHqo6Dlda6SQObA7249pp+EwlFsc9Q94hF0ITdEe7h3TawYhvm3jHM5w2sgaVIBBsyF99yODsdufSNMNRss5bFaxeNbSWRlZl2J0jUvlcAX95W8bXrVt2Y6R8z4Sy4nCIylURNdgCyFqdTVye49rj4mdgcE6IS2gjwIX6m4+E2vgbU7/wATULnb14/1Iip901iRpPBHHpLRjqR40geRQD/4Or5QDiMKjmw0XHgWv6aHa/y9JvENl4ManW4uCRxNgyumoRbADYcC3ymTZTgHRwWJ522I28SJr2Wg6F3vtNjxS59JJWNNTBkkieaZQiGaE8NA+Jky04iBkFqTeM9kmdBo22SjmE8PxBh5hHBnadrihrFLsZT8MdNcHwcfWXPErzKXX2rH1kv06V/Lt9BYFrovpJiLBuR1NVFD4qv0hZNhJVWGsThww39htf1kcal8AB0kp3kCsLni9/jEqkElYMN5HfADe5NvAdZFAAttbfnz8hJaYvaxmlaxFr4RBeygbbbD4wLVqOrD+pDt11L6GWKrZt78QfWoKL3tvvDsoM1Xm4J8QwBv5wdmZJGqlz1W+luLnSeD6Nfr6wtjtPQgdd+fWCqNKlci9yOtyNuQQf5aDZldfMdQKuhIHJUBXU/nptdb362+N5CqYXU2pVSoPHTaoP8AIG/6j0lhzLKRq1obdNQAuPIgcr/LdDEXL2UhraWG+31Xy8v04wvMpR1YE7r4EfUdDL7l1ZQoHEruGQbEgA+I6+v7z3NsSaSXF/LTvBOwvMXJaoMVaZ5lPaZtWlwfYy8YLFaxeMTSSRExZMTeZiCs6elp0wsjaT8CZAaTcAZ2OQ9iRKVmK2rGXfECUzOhareTz6U/P2bT2PrasNTP5B8tofL7SpfZ5U1YVPK4+ctNWpYSFX08a/IHvEAHy/nhEpVLDfYee05qn9u/mf0i00hrFuF5jVKoWuwWw8fH0jNXB/eNdiSoPvJWYNpCqu1wSbdAB+9ovN5NxOC0awJO+3Ej/foRdmUcixNuek9xAIQjckAX8beEE4WwfS4BBt5i58Yeg1sxmmDL2ZgLKdrWBtweT4SHUwX9K7Ei6b+HHpLAxVL027yG+kckW5A8rQPiKyUiiF7KR/xOeLDhHvffwP8ACGCMPjTSbRUWwPtzvt09JPqVUIte45BHIvuCPGe5lRV1Pja6kAFd/wC0/HiVao9WkbMDpW1rjoRxf1+ojBpaKTi3dIPod/aB+1rOaWw4vf8AnxgfDZgdfeBU7DyIhXFkPTIB343O/B4PWDfIqRl1SzjfrNoyF+4voJjVLCMla1jzNbyIHQvpDC5LD95O1RhAY4BGK9LT2JIns2m2yboPSSsCd5Dpm6qfISTgzvOpyiOIEp3aJbODLlW4lR7TLupi5+p8PZon2XVdWHK+DH9Jd6o253mdfZRX7lReuoH5TQX4nNXTEeohO5PHnFBb7XtPGQ82t6yLWcrz14HWJapJtPqVgigAX8JEo1tbkn+kH5yKmK6tt4D6RvBVwrMW69OvlvxzB5bs/wAHx1KlE2Vgh73esW4B3YbdRvA6VVqhKoQo76lYA3AKHYj4394SesoQ23N2Hh0O0qWV4vTWFJz3TfQb8G+rj1vNlQxg6+ZqzhGUhwCVNhpax45uDzKnmmLYl0cakLsVvvoIOxHkfCWbNsKmkuSBupv4HgH5yqZxiNNRtQ2bni6m+z+fmIs2a6QqGYvRAW50A9d9iBsAZJqYgVVZkq323ViSOQRsdxI+OZHA1DSwFjbdSLbEQMmGdDdT4WPl4HxEcgolUMNLDccMLfwx2pidIg2krA3ttzb9ovG1LrcbzRhHDaXZSeRNDyprINplWV4mzC/F5q+TOrICI0JkILUixVnaRPCohK8arOiSonQ6bbJcI16a+klYY7wflT3pLJtA7idU6ctGH/DKv2mXug+ctH9MrnaRe58YMujY+0GvsqrWeoviAZqVrzHPs5xGjE2/uW02Og1xOauksrIiIGdhzZd/K54k1t9h8TGUQAG0lZuqS8K9mOCbVqXgb/E2A9rQcqVSdW1iTt4DgfzzlnqUWN9+T8oipSUC3S4EXxp9xXDXcISR3tj8rX9re8q2Nw761dARbvA+23vLdm6jvIoOp+4LbEBtr39N/hIWXMlR2sbhAE9QLKT73mZATEvWpOjeAH62I9RAdWi76S53AsDze21ieekseMwZRyVNhcg+h7wg0U7KW/pZiSPA35H86w7Ch+JwgdFKGzIDdeLg+Hle/vIShkG+48+RCykM+zWa3HR1P6yDiQASvH0MYtR3qiD69SxO91PEVjH0yEji9ukYD1OpY7TRexWPuNMzFzaWbsfj9DjwM0LWvKbz20jYeqCARHvvI5NvSs6I+8nTAxjIHvS9DCNM7wN2afuMPOGFO86MekMuxume7Aufrem0LYdu7B2cLem3pDemncCOx9fTiafmbTcsM9hafP8AkL6ayHwcfWbzhXvYzmdU6Tje36RCv4j+dBOL32HvFMNvSTsNKiV6hBv0329ILq4ljt/VyPjtf6+5hFF1XJ44HpxEJhf+V7jbSo9jf9YOTcI+Py4MNQNiVHwNj+8AZVhPu3cDghWJPle/0l1rpdbQTicOqgk/y0W48jMuFdzrEDptdh8hf9oEp1hZkO1yWXzB5EmY9i6avzk/9W2+VoPx2H0lTxzCCBiEtvfg3H+o1XfWNQPeHwvJFdlta/p/qDa7kesaQLQ7H1A23B+khU7g7x/GvveMAwgVUvCfZ6p3x6wY7bSZkhs4v4zRq2fLag0D0k7UIDy+oNI9IRSpKJJd50jfezptNtivZh92HlDt95W+zr2qEeIliY7yuPSWXYxg27sjZkt0b0jmAbadjBs3pGKpOXvZx5Gbzljg00bm6j6TAUNnPrNd7K5nrRUvuABIfXTFupVLniPVk2sIjCoYzjXcbD3iU0eogXa/hJKsL38QP9ysis7O1zsdx5byZh8W3dDbHvfI/wC4INGVbkdf0gzNx3HPlYfGSlqd8eY/aJzZLpNQihY0hVAv/Vb4Ab/MxnMKq6Bfpv8AAgfsYjM0L1AL2CkD5lm/QSHjR3f+tvjeLINDcQt7j1/0RA1cup3Px/eWMJsLQRmKjkcwxgmo5JsYkRSC5nOOkLGjCuTKNQvBmwhDK92mgVpGX4gBQISXFStYBduYXpr5ykpLBQPPJDUec6MRj+SPaqvnLO/MqOAe1RD5y21DHx6Ln2I4Bto/iRt8JCy9pNrRyKBidqjesK5HnrUXO9rnxgzNRaq3rBVViHNtpz3iujHp9I9ns3WrSDA38fWEKtUG+8yr7Ms27/3NyQRffxmoV8ICO6eYuXB8eQ2pVVWJ23Nh7bSJiMYpXY2ZT79DGM2yp+jfm+I3EB4/BvbVe+oXPr4xNmsWShmP4N/6SD8Lj9ITzHEj7u/kD7zL8PmLo1nubE2PqDeWPMc4/wCCk19nUqfb9Idl0CVsZ/yEdAW9zGnfUjev1nmGww3Lbk/rDWGwiaCbb3+kS08iu0cV3dJHoYBzKuSx8jvLNnLqoIVbEyl42oevMMpbHgqRt8TIVSqekbDmNATGq3hzJaZ5lfw9Mk8S2ZUlgLzMsuCc2hOnUg3DCTEPnDC1NV50jq3leextl0x9DZx5N+suLnYHyEptfZz6y203uin8olcU803ANvCVTiB8E3ehZztHhFIz5bVTBGIXvfCHO0i/8l/KCSt7SGU/svjf6inZfFmlXR99mHtfefQlFrqCvUAz5voC023sZjDVw6HXcoNJ+E2U4NjRbHvyOTKhmxYKdNxpNwfjuDLfiKqg+JlazxwQZz75W1wpWIqFibiKFcuiJ/a9/fm08dQr+sSHAYeoj7J9XHK8KoW7DptHsZWSnsRYHjznYJ9SDe20H505C3O4Ele1fiqdocwViQu8p+JY3hrMns5I4gOu3elcYlUZuY9QTeItcyTTSEqZSWGcva1oJogwvgL7XELLVhmuokqgN95AwZ2hSmkwHhbpOiVWdGDTIMeLOZY8A96SHylfzUd/4Qzk73ojyJj49ky6T8M3eEM32gKi3eENIdpSJ1WO0695T5QPThztMuymBcPzJZeyuPqfUfKaB9nlYqGF9jbaUNUvYeMu3YnBOjO7kKGA0i9zbzEOXQ49r7iN95W80HI9YVq4wAWvAeZVQ3E5rOXTLwqeYvZhIjVe8PWeZxVA3gqi+twL9Y06TvbRsBitKjeR83r6xYHpaBsNWdF73A8YtsSW5+EnrlX4rmPWxIMBVLlpY8VT1sS3G97dIEZLOQN5WJV5SpmTKVMyRhcJfpDGGwXlCVCw2HMM4TDnwj9DCiE8Ph4Ae4Wl5QgiT2hTknSIRIVSOs6OKk6YGPZsOD6ybkL9xh4GR82Xb4z3IH3ceQMrPYl9RVG3hug3dgG+8MYV+7HiYV2iHcB84Bw/4reMsWfC9M+Rlfw/IMTL2Ux9U1TYk8WsBLnRQoiuW6Df9JQcbX0qnmwY+gMsrZwroguAq7mJnybDgVrY4kFldri+17/WCnzB2F2a0ivjxqAAvfn0gXNsxs7KnHF5PStydmbk3F773kbBMyurgXsYjCYV6rCwNvGXDL8m0AXEMidy5eNmCM63G1hceckY7FIE1rbbjx3icT2fVjdWKnr1kPHZFUYWDDn0FvSDx52fz4CMRitmbxEi4DDM5vbmWDDdmGI777dbCGcHliJsB7xtEtDcHgSALwvRw1pKKeUeA2mY3RoCEKNMeERQtJ1MDy9pmeIkdCRaD0nu3h9ZmeaZ5Hhbw+c6FmM5p+E/CRsj/Gf8Z06P9J/yKmFsF+GdOlSIucf+tpXKPE9nSeXZsekfN/xj0EcwuwtOnRL3VIdoubDfgxjCUg1Q6hfedOijel8wWGRV7ot6Qmg9fczp0wRy+p9zFidOhaEuYkVD/AJ06KJ2/HHsJyOf4BOnTMfpt/LCSVNp06Yx68UG2nTorPA5PWdOnRmf/9k=', 'jpeg', '....'),
('Sd159', 'K1l2M3n4O5', 'A1b2C3d4E5', 'data:image/jpeg;base64,/9j/4AAQSkZJRgABAQAAAQABAAD/2wCEAAoHCBUVFRgVFRYYGRgZGRgcGBgZGhwZHBoZGBoaGhoaGBgcIS4lHh4rIRkaJjgmKy8xNjU1HCQ7QDs0Py40NTEBDAwMEA8QHhISHzQhJCE0NDQ0NDQ0NDQ0NDQ0NDQ0NDQ0NDQ0NDQ0NDQ0NDQ0NDQ0NDQ0NDQ0NDQ0NDE0NDQ0NP/AABEIAOYA3AMBIgACEQEDEQH/xAAcAAABBQEBAQAAAAAAAAAAAAAAAQIDBAUGBwj/xAA7EAABAwIEAwYEBQIGAwEAAAABAAIRAyEEEjFBBVFhBnGBkaHwEyKxwQcyQlLR4fEUI2JygpIVM6IW/8QAFwEBAQEBAAAAAAAAAAAAAAAAAQACA//EAB8RAQEBAQEBAQEBAAMAAAAAAAABEQIhMUESMgNRYf/aAAwDAQACEQMRAD8A8ZQhKokSoQghKkSqUCVIlU0VCFPg8I6q9rGNLnOMADxP0B8lEynRc4EgGGiSdgo4Xr3A+zFKlSLHtLy9oD9hJB07ufiuU7W9jjh2itQl9IkAi5cwmSA7mI36KZljjAEsJSIsUKbw1CVCEbCEqEjDUiUoUyRCEKGBCEqiEiEKQQhCkRKhCgEqRKohKhKokhKhKo4AF6f+H3AslL47x877tnVrNvPXyXnXC8N8WtTp/vexvg5wB9F9BtoBjA0WtpyUqhY0b6pzsO1wLHCWOEOHS1+8fZRvEFS4epJhGq8vEu1vBnYXEPp/ps5p/wBLpj1B9lYa9Y/Fbh2ehTxDW3Y7I8/6SPkLj0Nh/vPh5QUnn4QhIpKwhxHIx5WTFEkJITkhUDUJQF33YnsV8YCviWkUyJYzQv0IceTT6qZcdguEVqpAYxxm8xaOc8kziGCdRfkdGYAFwG03A74g+K+gKWHbTAYxjWtsIA8BPNeCcexQrYitUFg+o4gdJt6QoM5CEKQSJSkUglSJVIiEJVCBKkSgKMCVKkU0UIQlU03exLA7HUAf3OPkxxH0XumMfcdwXjn4cYfNis5/Qxx21dbw3XqOPxEZTMXIP1H3Roz1I9yYxxmyjbUFpPir72NDYEOnRwvr7/tqjNatxK/DNr030X6PaWnxFj4GCvAOL8JqYeo+lUEOYSD1gxI6Egwd173hqs5D1PkIPmCYVXtB2fpYosrOEvDQHdQJ9TIv0CYxuV4FiR87/wDc76lRwvRuJfh7Ve8mlEFzTJMWcTn1vIN/FRYz8N8S0uyw5v6crgLTGh1MEHwPROU/1HnpCA2bLoj2SxAzZmEOBIykRIEifQea6nsl2ELn5q0hrTpzyzMdDb/tzUtil2C7GmqRiK7f8ofkY4f+w8yP2C4PPTmvV6bFN8ENAa0AAAAAWAAsAByUh+UIxnWNx/EfBoVKv7GPcO8NOX1hfPDiNBp9V7f+KOJLME4NMZ3MaSORJcR/8geK8NSAhCFIJJQUihSoQhKASoSoMASpAlUYVCAlhTQShCUBTWO57BNLWvfeS9oAPTrrBn0XY8cqAMF72tvJuPRc92IwTm0mF7SJe5wmIMDaDornaec4cD3jyv5R6LN8HN3pq4R8sB2hXG1XBgc0mW92nsa9Fl8Od8gjcTf7wruFc5ktcNDY8wdvAkeZ8afF1Wo2uMuYWkTGnzRsPXyVulXi2xv3cx4AhZFJ4FotMj7juu3yCnY+8Ra8joREDwgeE7hVrDVZWEDn/X+oV9hlt/Bc9jA5rWPBlseZAP3+i3MLdjXNNjKpaLh/wWvs9oPInl7+iU4fJppf1TXuId3x78lcaJBJTuj4qHmos8k3MDorFWn9NVQruj5W7+JKYZHAfjDj4p0qQj53OceeVoAAHi70Xki9L/FjJ8WkXZiQwthroy3J3aRf7dF55lpnQub3gOHi4QR5FNSukUz6JAmxHMGR47jxhQoRU1OTUihCEKByckCVDcCEqFNYUIQhRKrGDpZ3tbzcB5lVwreAflex1zDgYBA0PVR/HsNMBvw2jRgjbl/pss/jGEfVsyJ67e7qzTeCGkCBAsb+slW2rPXtcubilw/DmkwMJkjfrPu/crjGk9duqa/0T24jLYXhZa3T3MMwRM25eqvUnsptmoZ5XAPOxn34puAeHuhxj3zWN254NVa1zaBgVMsOzQIF3tzbc+srfPOsddY6KhxTC1QaWbK6wGbQnYSCQD3xrotVzRSY1g0bEdy8UwdKpTwzaz33dUysY4u+I1ojPmBFmGbdRK9N4RxL4uHl5+dgAM6kfpJ97LVmMy7NdO35iPD6QrppnKY5BY/DKswDuPp/f0VntFxb/D0c4tJjNrlABcTG5tHijnnTbixUZssfHktNmza+wA6lZnZPtgzFlwD3Eg3a9oaYMwRG1jvsumxuGzBV5w89PK/xXwjXfAcbEtdcX/bAiL72kHkHaDyutTLTBjvGh6hemfjBjPmo0QR8oLnc5MAbRtzXmpqEjK6/InUePJNU+I2uIuDB6JCZ9wghIg4RInJFDCISoSDkqQJQh0hUISqaASoCFIBTYc/MDb/lEeMgqFPpuIIOiyXqvBKmakwyDYfliPRaeey5rsxinuZDttDET6fyuiHRVcv017/VWsNStOqrMptmbK4MS1g/qsm/+JqbLyD4LZpV2uZkqAOadnX7lzjcYHbeRlSte5xEtJHcfQ+x0TKr89ScQ4Xhr5KQc86GS4A7WWXg6T2OzOBkkSNI1jv5+Xjvse8D5YaTYZtSeo87ynNw4e3K90yCMxBBgiBmOk/m5bLX1mTC4DHNLoBkzO+/0WrxXCDE0g3UXseoLSD4GfBcpheGVsNWBdlfTMjMZDwYlogWM35LqeHPeXtIbDf1HmDyCuerrp3/AMM/nZfHLcO7NHC5KdOkc+ZwD2sILmPe13+ZU/KcoEN0+pXob2xF9hPfumB0zlJ6qMbrduuEmR5n+K/BMwNVrbiDMxoDo0XK8fLYEnU6Dpz/AIXun4lYqGEf5Zto9xB/4tAMrwqqSSSTJnW9/O6K1z8MKRCENEQhCkEJUikclCantUYWEoCChpWXUQlhClbBCkjyJCrrGhQVGgO6KTf7NV3N0MCfE91/WP4XoNB2YDuGn8rhezz2OgOEO5gsFuQkWhdxhmwBHIdU1x6+p/g8rI+BZWqTdk51HksWGVUoF03Ed386q41vMx735JWMhSupyEwdH4Z1oFuVrnr4K8TkEybzeecbeazWEs0J2jp7+6u0mZwC9+Y7DYeC1KIMTijkJyucLX5AG8DU+Cv8PxAc0FhEHl/KsUcEBEG0KtTwOSo7KPlN4Gk7++qXTrqXnGjQ3lHxgGlG0Lnu02NaxmTNGa1hJ8gZjqNPULi83/EXihzltwSdHsBBG8G42GvguBOJdyZ/0YPo1dNx3F1mucA91rllSHtezdzA6W2n5g3Yzs6MJrqdUwWim46FslhOwc25bykT3bqrU+K3xWn8zB/xJafWR6JpY0/lPg6x/g+7IrUSw3GuhBkEcw4WKhQSkQkTiU1SCRKkUqcEoTJShSlPKUFNlAKm9OTg5NRKmtSisVZoUnOIcWOLZiQJE8r2PcoMMwFwBBPcvQuzXCTILMpmxyv27iyfCQqTWeusWuz/AAqmQHCI1IiQCPGWnppdabn/ADW8lrVaTWNDGASBrzWb/hXzyR05z31cw9TZW2qrhqR0Oq0GUSstELPBDaR2Vynh1bo4NMgtZJoSrWBwpBWuzBdFIzDQnGdLTMJXPASZVzfaXjbqLXBgOYAxbXukLWjDu0vaVmGYSTJi0XjqQJPoV5F2j41UqtFVj/kLiCG6X1B3kG99nsGoKzeN9oqtcuDwIkxqCNrwYPkFRwNSadWkdC0ub/uZ8xjvaJPPK3krWsw/BcQMCm4/LMtJMZTyB/SL2OxP7S4GDHUcrg5ujri0QRq0jYgjTbrEmgtOi/O0NJuTEn90Q107TDWnoCUFVbiNQRLSZI68wdj185FlE9kdRseajSypBIlSKRUISKQCVNSpEpwSpqJQdPQmyrODw7nuDWiT71m3mprWr2colz7NkaEGSJ7ot39V65wykxjJAyuiIBkeF/VYPZfgTmNl7LdbnqRIIA7oXR1AIjYJ+OfV2nUmZibT1EyO9X8Phv3CRz5Kjh5aRZbeGrhwg+qz9PwlLBN3ke+eqWsGM6lWHU3C4MjdDGtJu3yQvqLCsLjJEcgVrMZCjpQLqdptKYKkamuQHBR1akKtUhS0KlxTAU6zHNe0G2pkeovCkNQnRS0RsVc302PAu23DGUnFzWvcNA6IaJ/1HNn8CD1XH4V0EnYNcD/yaWx/9fVeyfiJwd7Wue0yBIMy35TH6jmE9SPJeL1iZIOs3WqpdiIhThvyE/6mgdYDp+o8woE8vJAGwmB36/QeSEYEIQpBCEKISJUKAhEKcQntb0RrU5VsqUNVsN6KWlRLiA0Ek8grWv5iLB4J1RwaLTznx2XpfZTsw+kJcGuBvmyg+cEH695COyXZxkNc8cjBG43kWn+q7DE1W025WwAtyZNrl1duQ2o9rBDbdyjYQ/XVZlSpJMn390jsQWmZ/r39Vi9KctqjSj379lXmMvrdYmGxxF/Qg78rfdaA4oP1N8tUeHK26VQgRY9VNAi2iycPjGnQx0KtNrXsQOfJS+L5kQlfVsqf+LB8LIfixF04tWCHc7KZjBusoY8fllPGN71eL1q5gErHqi2vKVtZWrC8awmdhvqNzHhyXz/2q4CaNVxJa2STl+abnUWgDvK+hRUkETrysvKfxBwT3FxuIJJd8oaOpOZo03d/Rb+wc3K8vNBHwUVXEGA6Y3Gngo/imFiSut6kSfCCPhBMFRKKirDLKcKYR8MJGuCe54QcIKY5Jcg5KzhasQcgeBqDofFSB0yYa29m8gpFp0IvACLDXQ8l0uCrYZ5gMyki4gET3ff6KTFdlqDxmpvLLXuSJnrMeadgcm5xMwbDRanBKbnuFhbW8H1srP8A+T2LwDaHNNj3t/grW4ZwL4V88kePkDorYz663DYn4dMD9R7vWN1UrYsneVh43iD23cLbeCXC8YYSMxjnMa/wi9ax/NjWdVOyizBzr7eXv3dSHKRIITaDL3lVMqem2Nv581YcSRHsKEGLp2eBbf6IMWmVcvmpBipOtvd1Qe61tp9++ajY1xPVBdLw595JWw8Mc24B+vmua4VTdmvMea6VtORYwVqVnqIK2CY0ZwBbz6KCk0OVzHGKZzAEb+G45KrhZcM0QDt0VVFpghSOYmhSZwNVRWqznELme2+CqVqYLMswQZLgfDICVucQxQaLEdN7+C5nEdpWOlmlwCeR2g941WpZB/NryLFcGrtcQWeRt6387qD/AMXW/YfRelYrC5nSDrcQ0RHe2Ba8qOnwoG5fDSOmu1+aP6h/i150OF1v2+oTxwmt+0ea67FcOe10CswA/lJad4AFuqZh8KCTnrggftF/v3K3T/OOVHCK3IeacOD1d8vmuxr8CJGZmJtAIlguLTcHr72zqnDqjPme/M3pbwjn1+ytWViNwNcDKHAA9Uz/AMXU/cF0juHBwB+MbWPyx492/iq9TCZDl/zHf6ufkYSqqYWic4cx4zB0iY5aGCRHW32W0/iDWEZ5GxycyNNDGnJcjTrZHuaRa4I1LT+5p5rRxz3vZeDAkEagRpbUSPSbaLNUbzeJUCSCQYtIsY7pi3NXWY4PEiCLC5I8JsfqvOMNiCx0j+frZdJgeJuIi7TFssjbcH+yz1zjXPWtfi4zMOUw6Pyzr3abLjDj3NJBG9+fmukq4oEFxh3SCCJ6ExC5jiJBeS0QOSecHX/bouD9pGtGV8gbTfyIC6nDcYpv/K9p7jovN6WGa4WBnkoRnbpI9yteM5+vXWVwbyITmvmSvOcH2jeyA64Gnlqeuh8F0fCOPtqGHW67a/wEYNdHnj33K5g/mOnKPA3S4LDte3UXUmDZkqAHTY9SICMa1tPwpDM7JDhcjmNxCfw/Hh/eIt059yuYasCLe9vfcsbDYV1PEFsfLcsOxabx4H6JG66Fjcwg6EaLOFYl2VogDfyWi8fTVZmFcCTEa3TVyvhhhc/x7jDKOYOcAY8uq2uK8RZQpF7tQDAuZPhtcXXgvarjD6zyXbnUSZ6E7geHcrBrU4l2rLnkh24iCYABtr7ss/h2M/xFYlxyydASDsAQNOWm9+q5Yme/3stTgsh4MmLxGvmizJrU62yPSsO+GS2TABM8hvJHIQfNSmoCwmAL/MLSItPmuep8SLHNe1w3kHST/PopWY1zszfykg2vHh9tvouf10+MXiWOIf8Am0MQbyOX18lLTyF7TaXBxzNJBB1bp3mbbrMxtJzjmGW0TrcmLx1Mi3IbypuDMdmOY/pHeJ2vvYlbvk8Ynt9dAx5EyALSSNxNyVUxGOh4aDeRPldWqbM4y89IPPMbeC4+s8tqazBEkTFtddVmTWrcrqHOEW5+U9E2JvJUGHdLSSf0ifMkfZZ54pBIzE3N9Z6yj1XFXFYfMQ8dzo3Pd1BSmlLJAiOpI8UxuIyvyneLddlfzFsEaHfXwPNO1ZK5yuDNxG223Qd61uGYj5ff9/BV8ZgnuOYX6axv5XS4PDOB5d5sY3sNlu2WMcyzpouxp1jvBAGh3WJiASc2vONhp83LUXW5kvrO89/X3qqGPwrfzB2m1rkcoWeb611PC4SoD9/C6t4imMmcXE36aRPKbqrwtoN4NtbTHVaVWkJgGZuNPQ/ZFnqnxz2MAtCfgahbe/vVSsbmfDSBrYiQbEaFa+GwLctxBETtE2BHRatyCTa1+zXaLI7K9x+Z1ukxbnGnmvQOMVWNoGpmALRPeCF4fiA7OA2xkQdLzHgtvB4qo95FR7nCCPmJsPl0E2Hy6cgJT+es2e+PUuDcYZUgtO4mdRrr5LUq8RbUq5aZ/wDWACRoS7KSAeg+vReP4XiBZOV5BJjW1hJjoJHfKv4Ljz6D89N2cOOjpM8/GIVq/mvXcXi8lMvP6RudVzvBeO4chpLxqLkEASJEuj5TFr9AuA7QdssRXGSMrQAS1ump1Op2H2XO4XFPMySJ12nr321VfIuZbXo/bLtC11UQ4OY0ANjfnqOuo5d4XA8Xa2oS8iCdI06WVPE8QzCNb76Hu5f0VQY943vt06Iy261vMmL9PBtY3MQXE7Eb9yQOIJgRHIWAMWn3qqzMeSYN0+tWgFwOuk63RZf0yz8TYzG/LGhHjff1VjhmKOUCM0ZrRJAg2jlv/ErFa5znTK2sDTa0hwgECQdpG3edFrMmCW261cC5jmmwMkjS4A+bXkDaORSYuWMe5u9gRGsgkehWcziDPiAtBEmQ0CSCdWx32WgcSx4IyyBJjmP6gxPQLBZ9Hijg3K27nQBHME6ctY8VQp0XPcSRe7jytrotHhvD5dlcQN7WHzdeoPotBlNtNpEflBEnkcvPoB6rWz8Gb9MrWYeeRo8WtAH0XHVNT3ldO7FggjpvuJjMOekeazqnDg45s4E6jqqXPo6m/EfFKcOa8aHneCFapcRGjpvqRv4RqD0TWPDmw4SDrO3VVq+FNM5gZa7QgxHLY9LqmWZWrLLsa9Fjj80yOcRbYuEpz5FnRB3gz6WUNB8M1MRb+4WVi8ZeGi3K6zm025F/EYrLYEEHb7xzVE0HPn5oHj5KJtWwvf3qrWGqGCInMD5i+6fg+q+Hwzw60T5f9Z3WtTa4wHXGxuL3/MBF9+8EKKk+DpO5Mbe/omP4iA4kARqBeBOkb8lbaskSYVjA+YvyP2Oy0KQJOX8wPiQBeLdN+cdVk4p7ngFutj95VfC13NqZnTrrpB6c9CEZadkbtTCsYc36h01g2I56yq7/AMzoP6Y23A9bpeI1M7Gw6HWkdBMnwkeSxW41wcQdrX6WuqS1WyVfxQgAN2EeJI9+CrUMRBylxEan7pzcU1wudL+PMqhQ+Z/eSVqTz1m31oOq2011Qx8/lidPFGJswgWk69N/qswEh0Xj7aonOm9YKzCCc0zJt3c07DCT3fzC0WNa5nzeuvIR/VUBSyuI20lb3xj+fTXU4Nj4pz3Tb1RXI53hV815VPVbJ4np/K0q3gsVctdaRb66eSrNvbmmiidAdgb+dkefp9nxdGAzOkH83h81jl8djuRHVaHD6UOIdd1819hr/Kr4BxaIdEaE/tnQ+/6K5i8U1jr3MCHD1HWD5ot3wyfrSZAIdobi22/gL/VZnGqj8jnTZ8A8vFVDxYAEfu2tA0+qhp47M11Mj831HsonNnptl8UqFMkugiRprfuTX1HTfVXKWDePmBkDxi/9NVoVqbLF8SR9yOXMFatYkU6lTKSBsVJQrS0gaATBGvrY3QhYnx1qF2IIJP2CoYp0mefd/CELfP1jr4gHv6q7gnk6+5QhPXxnn6tiwke7wqOObEHmhCxz9b6/ytYPFEBvOYlXjTaGRckb+KEKv1T4rmtoBbbzuqVejqeZKEJ5FVwybePvzVzC0Bry5JUK6vikP4i8BsAbiOm+uqzKYzG+6ELXP+Wev9NBri0CCdY171BWfab6ke/NCFmNqrhdK0IQtVz/AEfEMqzSr20QhVMvq/QJ6QATflyWbi3y7y+yVCOfp6+JXYUQDJvH91Jg8OSbkGBGmwshCb8E+tn/ABAEW1AnTuP0WNjcQ4PIsY6eP3QhZhr/2Q==', 'jpeg', '.....'),
('Sd178', 'P1q2R3s4T5', 'A1b2C3d4E5', 'data:image/jpeg;base64,/9j/4AAQSkZJRgABAQAAAQABAAD/2wCEAAoHCBYWFRgVFRUYGBgYGhgZGBgYGBIYGBgYGBUaGRgYGBgcIS4lHB4rHxgYJjgmKy8xNTU1GiQ7QDs0Py40NTEBDAwMEA8QHhISHjEsJCsxNDQ0NDQxNDQ0NDQ0NDQ0NDQ0NDQ0NDQ0NDQ0NDQ0NDQ0NDQ0NDQ0NDQ0NDQ0NDQ0Pf/AABEIARMAtwMBIgACEQEDEQH/xAAcAAABBQEBAQAAAAAAAAAAAAAFAAIDBAYBBwj/xAA4EAABAwMDAgQDBwMEAwEAAAABAAIRAwQhBRIxQVEGImFxgZGhEzJCscHR8BVS4QcUI/FicoIW/8QAGgEAAwEBAQEAAAAAAAAAAAAAAQIDAAQFBv/EACIRAAICAwEAAgMBAQAAAAAAAAABAhEDITESBEEiMlEUE//aAAwDAQACEQMRAD8Axun0YARai1VbVsBEKTV4GWds9GMdD2hOlPDUx7oXNdh4OD+5UNWsqta4zhcYCVRQ+2b0NqDcrFrZ5lT29siFJkISy1qIPP8AS3YEAQQtDY1AeEAY1GtMpFd/w805OmQzRilZo7VX2qnaswroC9xcPPkchccYXXOhU7i5HCZIBBd1eioNt9xU2SURtaEJjHLa3gK2GpwauwkbMRuYmfZBTQlC1mIwxIhPhIhGzEZCS6SuImPELekrzWQp2WpVW6qbF8nKE5bo9j0kdq1QAqFSsXLoY5/sr9vpbj0VI4nFXQvpMo0LYlEqFoAidtpbuyvt0l3VI8WafEH1BfYIFKFNSpSiX9OKlZbR0SR+Jkv8kZ5I/RHbW3otHYUIAwqljSR62pr3fifHUFZxZsl6JqTFKQutam1HQu45mU7qrAQh7iSiFcyVylbSVQArSmibGplOnC61+YSNholhchOCSUw2EoXUkTDSmOKcXKGq9FGK9avCSHX1VJK5DeTDXNeTAULNOLzLsrT2ejjmEXt9MA6KEfjqtlXl/hmrPR4jC0VppwjhFaVoB0VtlKFRYop2I8jB9OwA6Kb/AGYV8NXSE9IT0wY+zHZU69p6I5IKjqUwg4JjKbQHtqcFGaDcKFtvlWWiEUqRpOx5cqtZ8qWo5QCq3umVISiNlGSrdOnCg/3bB1TLnV6bGFznQACfX4eqDkGgb4y8TMsaO93me/ysZ1cepPYBZ3wf4pfUqhtZw3VASIwGEfdZ8pWR8R1HXVy6s/gYY0/dY0ZDQO8ZJQuo4se0tdtcCHAj8MdPXAU3Kh1G0fQrSnrOeFNaFxSBcQHtJa/3EZ+IIR/en7wRqh5UT3Lrnqlc3ELcNQ2vdQqFbUB3Q/VLrlAHXTp5XFn+YscvJeGH0rD1zeNKSz5rk8pKX+xPZT/ieh0KACstYmNKmavUZxiDU4BdXUtmEupLqATE/wCot5cUKTaltzuAfIGAeDn1x8VnfD3jW6iKzGvjmPK/0I6H6L0XxBpwr0H0z+Jp+YyPqvLNMtdrtscEgtd078/oiFHpdjr1Go2Q7af7XYKVTVQeFladuArAdhEwWq3rndVXdXKqMeuvelYR1eqYQW6oveJeeJhvT0lFt0qKoQcLGMs/SHvBIPJy4jp6AKC28OkuJcSB3PMdcdPitS/iB8ghevXJZTLGcnmOST/PolkkPFsr+HtQDK7mMPlkQO/SV6hZVy9srx/wtbufcwBMmN2O5n9cr2OgGsaGyMLQbs00iG5r7UEur6Zyi98NwWU1AbJSZpOK0aEUwbfXZcSJVdj1HVyZURfC+bz+pSbZ6EEkqL1MrqpNrJKalJKg0eutapGhINTwF9e2eQJdXF2UoTqSQXQgYo3tRwaYa75/sVi7lg3klomZ4W+rnBWF1p3n/wC/1Tp6NRXNWE0VoVWq/Cr06pMgpWwpBT7ZRm57qDeqt9WhphK2FF5l1Klc9AaWoMZjcJV6lftPDgULGoLUmJ1XTmPEOEgqvSumqzTugULRipbaN9k/fTJb3/ZHbOo7/KipvlXaDVkgtloHcFmfEFIgcRlahowg17bFxJIn8pQyx9Ro0XTsxblVruR+4045whFzZuBXj5sMkuHZGaZRa5JFaGklwkpKP+eb+hv+kT10LhKrison3QC+lqjyy4Xpv2iGvvFEL3KFobyGWvUgegjb3KmdeYwtpmoWr3+xsA5WKuq0kknKK6lWJmVnLpxJWboyVkVzchoMlZ9+vgPiDtBy6OM9+ytahQcRyfqsuzTnPqQGv3xtA2nb7l3ACSP5PYz0jfsqSAQhurvIY49hP1RfS7TYxrXmSAAT3IH+FPcWrH4iR19kWtGWjycb3jeIcZ80wYE9AeOq0Ph6iSC6cT5cmIjp6crTV/C9uc7AT6x9V1lk1mG/ohLlGXbFQYY7q7SkKFj4MFXKBBUqKWEbV6L24Qy0Yi1IJkKy+wYXKlvK7bq41qqhGDKmng9FSfo4PIWkaxI00HGL6ZSaAFPTY6JI/wDZJLeYm9My/wDUfVV61+hYCcxkrzZ/Mk9I6lgS2X6ddzlZZTKhtmQFdBwu3C7jslNU9FGvVhVqGoQ6Ccd5/RS6gMLN3TsjPX+YTTmoK2JGPp0aW8ZuEgoFWp5Re1uGFgEyYHSPomV7UHIMIxnGfGBwlEDG3DuVaoUmMHlAnqcfmqt24s5KpDUBxI+hT1QuyPWrp7XS0+SOAcyotH1La3zPL3GOZwOgEBD9Ve58gH/CGW1s5vEj4lRk6Z0xpxo31K/B5j5H9VFcNaTI/VArau4Zkf4EK39qc5mMj1Ewg52J5pl6miFs1CadXPp0+aKWz1kzMM274V+jUQanUVtlyG5cYHMp0IGxcbYgiSeqJUqgPBXkniHxIS//AI3FgbgZEuI/F7dloPC2q1XML6j8uwHPHQxmOsdP2WjkTflJgaR6G0pyo21ZpHlMx3nPqrrHynYp1JdSWMeYsCt26pMerLHL51UpHqPaCdF8JtxdBoVVjHv4wO5/Tunf09p++5zvjA+n7r2MHpx4cc6sE32oziVQps3GStINPpD8DfiJ/NSi2YPwN+QUs+DJkfUPCcYrgJtKZHARe3oOJ8wgJ1Ng/C0D1Su65awjeeOwTYPhygtsWeZPiMjrFFr3l0NMz+ELP31qWZBHoBMfFaK+PHouVdOpuYNznbiBkcDvjqvYcY+DhXr0ZBofEg+bqP2TRdluHAhV7h7mvdDXgAmC5pbInEjol/uwR+68luSdM60X6d8DA9/yV2ldjOeeP3+gQXT6e+ptY0uc4QG8gdz6BHaXhysSSdrSf7nt+XllFJvg8YuXET29VGLashf9NewbjDmjq0z7Y5U1s4khrQSew5wmjYJRcdNB+nXA5Ud7VO2SHFrsAhpg+kqNlvLfOS0/28EeuUSp3bHMNJwMbQI2kxjEkcHqrrHKrJ03wzVjb0nP3lo5wIBJPday0Y0wIx8TKFW+i02nFXrIBBZ8J5R6kQwgHAI6ZyPVWwJqLUlTJZYu7+g5aN2sACu25Myg7a7mwAMInaVJUm/yaHrVl8JJNXFhTzClQPZXaNtJg/H9kZZagDhDr4bQYwvPh8NQl6ezrlmtUiK81alREOdn+1ok/sEN/wD0zXHyU3H1cQPylDb+huTrSzhHPnyR/XRoQi+hy2vnv4YB8SVfDXHBwVBplLaJKtNfmT/CVT4kZyXqbYmaUY6iiVzNoifogGvXBYwkGTPwRO5uscrF6/qIfA4BdC7JOkRgvTJ7SvubL+vGIb7bu/om1a4dLGQXMA7iOxCEN8QPbDC1pY3AgEED3mPopHahTaPtcjdjLSXGOQInqjGacaso407Jr2kH88ZaTGJzMDqqtO1taQnZvPZ3nJ+eAoTdF7HOIc1u87Q7BI2jMdOqHwXuAEZ+AgZP0U8k19I7sOKLj6YZ08NLnFtNtJsz9/JjgSOmOJRKpc9jPtlA7mqMAObtAyYmPQDlV7eo5xkCG8NJw8nuI4UnpUdMYxjTNdYXxHPE5kZzj9lHqNCXb2VHU3dSATPoMjt9Fn7e+e4bnOOHNBknAIMn+eiJXV15TyRt3Yx+GeeiONp6fCXyY+uFxtw90AOLi38btvHrEAqrbX1Uks37s/fGGk9IIws7Z6o9wqBwnIeGCQNrcOa32EEexRimyQHAy08ex4XSpJ8OKLQdsHvcfO7fHMEy3MR5j3R+iTtYc4J5znH7IJpNGIPUgiIBxyDlaO3Y3rJ6z69fqjF09slmfpUHLSnLBPVX7elCo2VXhGKYwpvbslxUPYuJwCSxjOXhhB7xwIyVLqN/koG+4LzA4WnKMUGKbZw25Lp6ItZWg7JWlIQEUptAC5vClK2V9UircuDQB/MIbdXYY2T1P5qzfvErNau8lzR0GT811V5WiaXp7JtQuvL7rIarUlwb8ldvL2PLM5PwCA6o84cOQQfkoylbLRj5Gnn1/NHdLax7GsIG4biO8Dt6zKBP8wDh7hdt7khwIw5uf56JYyphkrQcvLaZjgIQ6G5APuCI+Kv079ruTtJ5HSVWfAcQTE8IyafC2HN5XmXCqwOdIA7f5/RSscAPM7joI+S7WouJ8jvhwD8lEyiW/fGegwlUX0ussZcZICTDMbTkx29T1KffahtY9gkkt2x2BETPsV22EmYVC5ovLySx2TxBPtx6Lc2Qz5WtIp0/Ra3QPPTAONmOn84KBW2lvJkMIB74HvlaXR7IsaQTJcZMcDtCMW0zkTo0FtWa0QG+YHD/AE9QeqL2DuEEtmn+covZcp3JmezT2ABiUcpMgYQPTh6I8wYT/Qj6OhJJJAB5HcXRe7AwiNra4lX6emiOFYZYkBRlGV72WTVaI6XZXKxDWp1tYxlQ6o0N5Oeypii+sScl9Ai6qSsxrFYtcOxCO3D0J1KkHj6j3VJrWhcb2ZC5fLyuVW7mwuaj5XbvgU1j1zPp1la3MS09OE2tTnIwQpK4IIcPj7KR46rClanV/C/noeh/ynPcQu1GArrG4g5QsxPaVwOVMLgvcIGFTFOOVKx8cJ1IVr7DNNo9FMxiG2NY8fNEBWJMKidkZJlykVbp05yFRpvV63es2BF2gw9c/mjen0DKH2jZR/T2RCFDB/TreBkIkAobY+USpk7EEkkkgYEstQFI23CstantanBZA2kstrYIefotlCy/itkEH0RiwMytdyC310GZd935wenz4+SJ13oTfjcCDwUJvWhoaYAvazHkkAieZjPqhtAkEsPTj2Vioza6FHXH4hyFyt2dRJKc0YjsmN4TDUgoDHXhMYV156hRgrIVkz8hMa9daVG/HRMAIWrg0dz1Vy2fJ+p9/wDpCramX4kx1R21tQAAE6JyRZpFEramqNNmUXtaaIoSs6cLS6XSkhBrCmtbpVPEopAYQY2BCckkiKJJJJYxEAnBcXQmAJZ7xY3yNK0SAeKmEsB6BGPTM8+uDlC7o4Vy/uQOMn0yg1zUceXR6D90smhoxbBl+zqqDKqu3B5hB3jaecKDVnQk10vUakGCu1SCqoqAj1TRUIS0MyYPhdmfdRCoCnAJqFJG+q7yuA9CuQZ7rBCtrgQMIpbTGMofZ0MAnCK25HCdEmX7el/AitpThVrQDCMWtJGhAnpjJIBWut6Ya0ALLWdQMcye4+UrWhMgMSSSSwBJJJLGGJJBJMA6sn/qJf8A2duGj7z3bQewiT+S1aAeLrBleg5jzBHmY7q1w4P6fFCm+Bi1ezx+4utsM4xJ9T1Q65ugOFy5a57zAJyR9VIzRqjskQO5Ufyb0dVxXQVWuZUVXT6rhuDYHYmD8lpqWnMYQYlw6nuorl88LVRrsyVSg9gkwfY5CibXRXUjAOVSttOLm7iYngIqmBp/Qxj5UrXwq1a3LD6JgqELUAItq91btmyQAhVGpKN6SAHtnqhWw2HraiYCv27O6ayIVmgJVaIWEbWkjVFm1hd2CF2jCEXuXAUHk/2lAyB1G7L3Seeq9B06rvpsd6QfcYXkdpdHcvSvC1xuplvYz8/+lOErdFckaiG0kklUgJJJJYxGuri498CUwBPfAysrrOsUw9rCRkxJOB7qp4s8TCm0tacrAaZcOuK4k4Blx/QfzqnSoAXt7NlBpc+NxJJOO/RVLnUmOJazMcmDj2VnVNQYx3mPTHos2+9aSXAc5/ZTnLyqRWEbdsmuHyqFV6me+cyhmpXQa09+nuoN2X4ULn/keGDgZPt2RNwgQhulYBceXHJV99Tus9aMv6UL4KFlr1Tr5+QPirjKbhA2kyARHm59lvo2rI7C23PDSJlHW6O+m9j/AMHcxg9iivgrQnVA6qW+V0Bp7wckei9Iq6EG21QFskscAInMYj1TRi2LOSWjzwZ9vzUlNxBwmMMQFbokZ9sKrOcIafVMwUS197m24c2OYMzHpx7IczGR1A+aJXNZrrWpuyA2c9COEr4PHpj6FQF08HqOnuFvvBt1D9p/EI+PIXmlOoN2DjotXoF3tc0g8EH5Lli6lZ1SjcaPVElHRqBzQ4cEAqRdZxCSSSRMRIfqxIYTMYRBD9WY5zC1vJCddFPC/E94TUdJOJVrwcfI956AhvqYyfkY+JVbxloz6TySDBPKr6Bcva5jBxI3dtvX8ylcqY9Wi1qtYnJEk8IPPdbelohqO3U8Hkb+D6GOPdZjVrR1N5Y9u17fvD3zjupTRWDKQeUK1NxcQ0d0S3Ko6nL57BKhmztBkABTgJrE8FYJUr0/PPorVJ7ojc6BwJMD2THunI7BSUxOO6DMtn0B4NsQyzt/LBNJhP8A9N3fqjxagugaox1NjCNjmsY2DwdrQMH4I2rJ60QknezzDxzpLKD2OpggP3Fw6Agjj3nj0Wcp14Xsmr6cyvTexzQSWkNJ6GMR8V4bVumhxBG0tJn4Tj6LOVGjGzQWdxuMKHxTquwNpMIyJf79B9Vnnazsb5PvH6D90MfcOeSXGSTJPqVKcrWisIVtl+k9HdMrwQs7QcitqVCi5674Vvd7Nh5bkex5/nqjy828M6jse0njg+x5XpAMrpxu0cuSNMckkkqEyFRVCpJUdUJxTOeI9LZXZtcF5ldWgtapa7icH0XrV80rPa3pbLhsPGR1U5PeykUU/DF7vdA4Cr/6laWXsbcsElg21AOdky13wJIPv6K5o2nsoAhhkoj9qTI5BwQcyOxCjLIqopGLuzxeU1esv8DWtYEhrqbjwWOMA/8AocR6YWB8ReGa9m/bUbuYT5KjQdjvT/xd6H6o06sNpsCAJr3dPn7Jzz0USwTsq5YEb2+/16KpEKa0d5h6IMZHqmmXjXhjgfvAj4jC2ei3+4bHGY4P6Lx7Rb/zNA4H7rZ6NqUVIB6n6rRlTBKPpHoZqLwHx1a/Z3tdo4c7e32eN35k/Jex1NRyvMv9UGB1WnVH4mFh92GR9HfRNOSa0JjTTMMV1hTSUgVKixfoPRW1egdFyKWz0GjWanT6nC9M0C6+0pDu3yn26fz0Xk1hVW38J3u1+0nD8fHp/PVNjdMXJG4m1SXEl1HKQFRuSSTilWtwh9RgzhJJJIeIIqCCV22+8kkuCX7o6Y/qaCxRN9syqwsqNa9rhBa4Ag/BcSXauHO+ngHjaxp0bipTpN2tHAlzo+LiSgASSU30quD0mpJIIzCukHK1vh8+crqSnLpSPDQ7zJysv44zRbOYf+bSkkkj0H2YMriSSoYmpojbLqSAwYtFpNJeQWmeySSC6F8PUW8JJJLrOE//2Q==', 'jpeg', '......');

-- --------------------------------------------------------

--
-- Table structure for table `users`
--

CREATE TABLE `users` (
  `id` varchar(10) NOT NULL,
  `email` varchar(50) NOT NULL,
  `name` varchar(10) NOT NULL,
  `lastName` varchar(15) NOT NULL,
  `birthDay` date NOT NULL,
  `address` varchar(50) NOT NULL,
  `country` int(2) NOT NULL,
  `postalCode` int(5) NOT NULL,
  `phone` int(9) NOT NULL,
  `password` varchar(100) NOT NULL,
  `image` text NOT NULL,
  `language` varchar(20) NOT NULL
) ENGINE=InnoDB DEFAULT CHARSET=utf8mb4;

--
-- Dumping data for table `users`
--

INSERT INTO `users` (`id`, `email`, `name`, `lastName`, `birthDay`, `address`, `country`, `postalCode`, `phone`, `password`, `image`, `language`) VALUES
('A1b2C3d4E5', 'sina.majnoonhjk@gmail.com', 'Sina', 'Majnoon', '2000-06-11', 'camino alto de sanisidro', 1, 28019, 643869337, '1234', 'data:image/jpeg;base64,/9j/4AAQSkZJRgABAQAAAQABAAD/2wCEAAoHCBUWFRgWFRYYGBUZGhgYEhgYGBkYEhgYGBgZGRgYGBgcIS4lHB4rHxgYJjgmKy8xNTU1GiQ7QDs0Py40NTEBDAwMEA8QGhISGjQhIyE0NDQ0NDQ0NDQ0NDQ0NDQ0NDQ0NDQ0NDQ0NDQ0NDQ0NDQ0NDQ0NDQ0MTQ0MTQ0NDQ0NP/AABEIAOEA4QMBIgACEQEDEQH/xAAcAAABBQEBAQAAAAAAAAAAAAAFAAIDBAYBBwj/xAA8EAABAwIEAwUGBgAEBwAAAAABAAIRAwQFEiExQVFhBiJxgZETFDKhwfAVQlJisdEHI3LhgpKywtLi8f/EABgBAAMBAQAAAAAAAAAAAAAAAAABAgME/8QAHhEBAQADAQEBAQEBAAAAAAAAAAECESESMUEDUXH/2gAMAwEAAhEDEQA/APQi9Rueo3PUbnrC1tpKXprnqA1FG56VpyJ3VFC+qoH1FXqVVNyVMUtWsqFxcJlash1xWWeVaSH1K6Y2oqT3lT0dRqVC16k9XaJQy2cidvSJIRjLSt0lYV0jgpW2rp6FTPY3STrGq1n88qzucipCaApjcU2jvc0xr2OPdIglO/xyKf1hkLhCtG3I1ULwpuFn1Uyl+IiE0hTFuk+qjcFOlbMK4nFcKQNSSK4g3CmldK4UA0pFIrhQRJJJJhpXPUTnqNz1G561tYyJHPUT3qN71A56m1ch76iqVaq5UqKnVqKbVSFVeq9eCBrvsforFszMYlSe7CC0/Fy4EdCiY2i3QSw6wZ035opZWpOwkc0vw4kSNxuDxH398AasA2m3vHhJHFVjh3qcs+cct8OawZn+McU9+Ita2WNkBVKuJh5cBoNjP8hDbihXaJ7rmEgaHXfkdRv9yujGTH4wytv0+r2nYdNQd+iqXF+5zh7N+p4T5+az95aOLjmDmunu6cJg+IG/RFcNwcscyoSJjuie6STIIPDh6hO0pD8UucpDnmXGdAe6YI28wq1tiDhsRuQ0TsQJ9JVbFrhzqpJ/L3hOkEEgnTnCVthpd3xLWkl/Nugl2nlw5hAaS2xsvDWkwXbE7aRJnzRmnVZkk67QfKdVnLbDySGGCQ0mOJmSCDzgJzaz2OaCJa5onzOUaeSNyjVjSMpZm5mmeKrvCktrb2ZGV8BwEzwVq5YzJM96NVnlhPxpjnf0NIXJQ6tiTWGHb8lNb3QedFlcK1mUWSmlPITCs1OLi6uINxcK6VwoJxJdSTAo56ic9RuqKJ1RaI0e96ge9NfUVd9RTTjlV6pVnp9Soqr3KauLVhXh20jin3mLsAEnYnXly+iHXNbI0u+5Qb2jD3Zz1XHusa0nfhI0JXR/LHjD+uXR53afL3QdRpzI66cFUrY/m1JI114gHn1aeSuW3ZGvUAL206egALnQ4xsJbxH0Vu6/w8Dmz7ZgeROZkgHlLXSD6haXTKbZtuMAGC8McdDM5TIMHMNgRx23RL8Vqumnu7duxa9hEhzHDQ8NuSqP7KuZLHvZUpidWjK9o3zN/SQeEEequYfYCjDQ4vYJLWOEFsnYRsdYlRlljpeOOVT3lbLQLnyXxmaSCNQIDgRueB8NVn7XtM8HI8baab8IK0+JOa5gbm0B1aeIg6HrPHosLWota9piG5gDPjEj+kY5TIZY2NKS55eXCZJYANZgTryOs+Su4Vc/5badR0Q9scsubVh8QCY8FkLXF3B4a7YVBJ490wCfIQtZc2+YZ4jvAmDp3ZMDylO8+lNUdvHNpnO1091g00IDT3iOcifQc0nXAzAuhwHdidSxokHpLgT5hY64xd1UZCT3XEE9DoT6p3vb6lVtLMYeQ3T8xBBdJ5JBuyHvowDLtNRuYImOB2UuDj27MrzDwIPMHr1VHEsR9iwHcNAngInX+NvBVOzGNNfVe8CA7KI03/MQPFH4A/GMDrsqOdGZgPc4uMj1VbDm3GbK1jnHdxiGknYA8v8AderEtezhMaf7rP1DWBIJAaNBGk9dAlctQ5LaFttrwx/lNI6uglcNVzHZKrCx/D9J8CibL+DElx56osbQXFIteNBq0nceCUmOXNKtuPds2U0p7mxpy0TSuduauFdK4UAkkkkBXqXKhddIRd3kKl7/ANVvMWPoffdKB9ygrr1MN2jyPQq+umsfqhXvKmp1eR8lFxXMjMVcXvYwEtzGOhB4jqtRhuDstmDQF41c87k7Ag8FlfbM9qw8Q4GJ03Wl7TPcR3ToRLR46rW/JGc+2pLjFnudAcdDtEtcBtvpwCq1sVe0iQ5zT+T4cv6svGfX5rFXF+9joc4x4keh5oxZ4gCGudndrsXTHVLzqDe2uDWxn4ubEzo4btPjvM8yhN7iAA0I14kd7lrx6KveYzIysIHlx8ORQetdOcTmDdTOxg+Gqy87vWkuonur4vIDiDrofv71Q28qZpBgHSI2OvEenorrL4hpmlScNNCHZtd9Q5Mp06daMrSx2mXUuZrsIgOb81rjxGXQe5oRVLho0gPPTTX5yjGB46S4Mfq2QRrGwMfzCgfb5s1MkB+XTke8DoeWpM8ile4KaTG1mGS3KXesH5q7ZZqs5jZU9SmWPLDADyTJ4ERm8tQURwpo95Y5vwsc+Nd3E6TPLQyhGK3YrNpkEh4b3o6nUfIJ2EYiKWeoTJBdkHDaY8yGpd0Yt2zxUEmkHSdJ/SNzP9DzUfZOm4HMN5bHIwR3fqp8CwIVKZrVtXvzPJdt4k8tSfsozgGHMaCWgEaCIOx4kcJ5fZVymtCTu2oZeBgB4kffl/KbdV3PHI9d/QaqqabiOIHMmD6nhoERwqz11iOUgrKS5XTS2SbT4Vhw+J5+SsX18Gd1hBb4ajwVbFbv8okIG5x5q8s/PInHD12nVt558tlEV0rhXO3hpXCulcTBJJJIDzrELooaLoqziCEkrtx+OTL6um6K625Q/Muh6ek7FGXCI2T5Kz9N6MWr9o35qbiqZJ8RpHR06rRYdXFW2GYd9ggcdEzC7cPEPaCOuyf7qyi52QaHhOk+ai/4ufdsxdWYzS/fcN4K1TDQ2AB6aKxdUu8S6Oev0TWkRMaDl9UWnIhZRO+53jpxhOZbaE/zMeqfUvWNEbciOaoUsWbmh58/7CjWVXvGJLrIwAOBdyAMDzclg2IZn5fYsA0y5Q/MP+LMijrQVAD+TeNNPnqFM60Y1pBLA0flJimf3HiT0KeNmtVOUu9wK7V2ZYW1GTlnzEySPBaHBQy4txLe7+YdRr/AlQ2zWVqRpue0g/CRljoBH8ovgmGm3p5Jk97XgJEDxU5Xmv8ADk7/ANYu2w5+R7yIyPcIG3ej6q7Y4O19NzXAZmuDmEnxbqOPBHHkgPZoZLcoPGCN/Mq1hFpIIG5OUkjjAd6aH5I9WjzImxNraNkWsJDsoa2OpAieZzb+Kmw+aFs0kDORoNiSRyKmxqrRoUmvrbCAxvEkbLP2Pa6m+qS6m52UEghpc4AbmI0Hmrxlv4jKyfrT4bRee88GTzAEeUlaTD6QQT8Zpmj7Skc7nDQNEu9JWbsu11c1gwtyAGCCO959U8ce7LLLc02OM0g06jQ7D+uSCPZxGo+Y8Ucv6heAd9NQfvRA6wg6SOnFZ/1nWn87xGuJSOK4sWpFcKSRQHEkkkw8yvwg790YuyhNUartxcmSJcC6paNKVRL1hZ5lpsNwd5I0hDMEY7OAvS8MpDIEqFGxsSyJCixq3ynNA6THyVnErkgw1B8WuXFskkxw3WVaYs7eVZcRI57lD33TxqQRyg6eic+6aD3gfT+1Tu7jPo0f0nILVK5uC4nqu21i5/wjX10VujhTnNL3aAc/uV2wuDTMdd1VvOI13o1Y061Ok5zgHNaM2oMQOR56oJil09+V7nZgdg0nu9COi1+EYlSc0se6GvGV0kAa6Bw1WcxbAq1F3daX096b2CQR1hThZu7nVZy64HF7g3NLgRrMnhwlejdmsV9tQEnviWu8YOseYXnrbO4qjIym7rp6ydlfwm4NrUh5498A6J5yWc+jC2fW2r0x7RsaAEFxJ0HUI/hFHK1s/FLuAO0tmfv6rN0rttQ5m7cOE+XKQFrKVUZWkbgd3ffiJ4rHH62y+MR/iPWD7mnSzQGMLwOEucR6w35rGUMzH52viMwfGndO46rZ08PpYhcVDUc5jmnLTcDD25Z0PA+HRPZ2UtKRz1qtSplO2UBpI1jkV0TKYxzXG2jnZyg1tnRe8Q45i39UFxLQnW1iypVzhokEHN1WevsefUeGsEMENpsA2A0HgthhNoKdMFwhxEuE6ypnbtVmuLN++NARIQqpUJ3KmunifqqZKzyxtrTHLUSZ/vj6rmZRqVrFFwq/cKUiUxybmU+afqJJSTMySXmnt5lcuQ2qVbuHqg8rsjlppKs2j4KrAK/YUZcFRNZgTASDC2TLkNagGCWgDQrGJvLdlGVPGKmPVzMzAQaliDQ6C6Ry1Xb+6ziEHqsdOn8JSHa0lzhLHtzsgg8EJb7JhIIh3DiFJh+IvaMjiSD8lc/Du9m0I6jVK8VOqQvWNb3xLSfhB5ceSG3bab4NMFpJ2OonxC2NHB6VQbCemistwcZcgYGHg9ve9eKXqQ7ja85e1zIkkeWnryROyxuqwANe4N34QfALU3nY/u9x7gfzSMzf9kLpdmyzvPOYDXTT6JXKUTGz45Txiu5pOcmeWh8DwCzOKUX5y5077HfVHbq1uHaUqTmt/VAk6cVUtLCu8htRr9pDiO7HIlLHnTym+HdnsRcx4nYRoOXKV6dh2KMeyImRIHU7wV5PeWz7d+V7S0btOsEDrw3RXB8WqMc3I0bEDjvxA5qvO7uFvmqINY9tzUeHR3iN+64b97TlxRt9v7ZhDHjP+10h22k6wnYrhDy1j3ZGOf3qrXEhjQRB04uiOKPdluz1OjGR+YmCQBDBpwCVm7wb1Os1gnZt+Yuex4AOkkAeOg1Woecojki+IAt226bIJWuSdCB4wtdMvW1K4IUAeFLWH3wVSo4BHB1aYQnveAEHfdRxUFXEDsjg3oQr3IVb3sIS+6JVapcFHmH6o770Elnveikl5g9Vma7lVlTVSq0qomrlBkrRYNaiRos/ZnVbLBmjRFEaGi4MaoKrw4GVI9khC7wOYeizaBF9QhygeyQjFywPbPFC204d0TlGkVBgnU6rSYbXAhrhpzWdewNKu291IjYfNKiNPVsg0Z2fLZdtLt7T3xA5oPRvXs1aZA4FXR2haRD2eQGpU3FUyai1umPET67pt9hoe05TqsvTxNhJhsEbng3oObvvmUUtMRhs7ACQJ/n5eoSuJzL/ABBVwtwMEumQZJmQN9Nmz0XbbDCDLnviSdwAJGnoNBylE6OLDTMJJE9dzH8fNWHU6TxqQNp16KfKvTM497NzC14DmxG8u1BmI47Kr2RsRmDg0Fw1Y1wILQNoGxPVaY4RbTJdtwHqETtmsYO4AtMZfiMrJ1FWt3PIzNB/1BGbSnkZp5iNvAIcyuSfVX/aGNN/5HL75LTHCTrLLK0Ov6zge4e9vl3zDm3g4dN0HN618hzcrubP/A7+R8lexINPEwZcCPiBG7mx+YcRxGoQG4cXnK+BU/I8fDUB2k7SeB4p0odcvc0ZgQ5nFzdWjo4btPih5uQ/Y+KqXN29rpnK8aF3P9rwdHDx+aq27w5+kMfOrZimT+0n4fA6deCzrSLdViG3LoKvV6pbIdoRuDoQs/f3OqWNPKTSyK6iqVEO9untfK0ZrOZJMzBJGxoFqFQkp7kyE4VWbPdbjA26BYuybqtrguwSyPEeeIEoZe1cwUuJXmViy78X1U6XsUDiN9lBVjdRDEmuEKFlzrHBGhsRY1jm7aqhVBadAiFo1oEgqw6k126nZ6D7apzKuikD0PE8hxKkZhomRqfyjrzTK7cgj/mP08EbPSnWfDg1o0Bho4kniep/pEDeSAG8XBjeUN3Pm50+SDVLmMzuIHd8ToPTU+Snt6olg/SGu9e/9QnpOx1l2C7TYCW+GXMP5Tq1U9cpAP8AA+RCE2tSCP8AS0eRYGn6q2y4I7pG33/SWjWaJcDqdJWhsakgCUBo0i4afyjlpTDQFeKch22pjRTlun398VXo12tbqq4u8xIbzH1WkZK2L0dDB/c2NCHN3g8Oazly8PERBM5f2v3LR+124HAz1WhxCoQPmPEf2Fi7241c3m1xHi0Z2n5R5qclRWvqmcF35xo/mRsHfQoedgecj0j6EJte8hwf+oHMOfBw+vmFEanCdOHnxWdaxZffy3K8Z2j4TMVGjk13LodPBBr9hBkGWn4XcD48jzCuvaqVWmSiUrFVhUoeuezhNBVJTZ0k2V1AW3YKeSj/AAU8l6gcIHJN/BxyUeleY86t8JcDstPhVmQj7cJHJW6NjHBHrY86ZrGLAuYs3SwoE6rcYx3WrMOuwPFOUaUK2E5RooadEjQq7UxHgoc+ZPpcdpW7p0Kv02ubuhNS7LCrtriGdKnKJNvSNANdj0HJQ1w53BS0mAq8KUtSMCfYSI5n+I/sptK0IfJ2zeg2j0RulRI3HOPUyfTRTm1DktnoOo0IDZ3EtPkZ/wC4+iJW1Fp3GoHqFYpWQ9dfMfZ9U+s5jBKNk4wR8Kt0A4alB7fEml0BGbe5BVxNTBhfuYCKWVs1oQqpdAbKzbXRLZKuVFiHHbgNC87xC4B737S3z+H/AKZWl7TXWm6w1V8z4ooiOpqzwd8nD/1+akoD78F1jdD1/v8A+qSQAoqoRfCfbszFUa71bwx/NKzipepbm0Q5tqS5aCoJCVnaSZKj1pdx2F+6JLSe7tSR6Py9O91S91RLIlkVeWew33VcNsieRMewI0NsV2lt+4QvOrwEbr1PtNTlhXml9Qk7pwUI9sFfs6wVU2EpptHs2VcT1JijJ2Sw5hUZe47q7aEBH4P0bstBqrrLkEwELZXEKzZ0pdKixY0fh8lUo1jmhWaz+6hjHw6SlIdHfbANWWxu8JkAqxd3+kSs/eVSSqxicq7a18upRW2xXqsy9zkQw5k7q0tTb3ReQFpLZhyIJg9EaLYUqADE4mvPe041Kx7zqtv2uZrosPUZBRREmbRRl52SYVMxkqaqIcqdbVIKsOpqt7EgqNr0N27pCsm4DRCG29WAq9zcGVGt1pvUEvfeq6gmcpKtJ9Po9clQuqqJ9wrZLReq9aqqlS6VC5vFNyVMVXHK0tK85vngEra31TMsbilMZinOixRo1dUR0I1Q6iwSrrSlTiF9vOoChLI4IvTYFHcMCcLQcx6J2teFSNMSrNGmmF+pfaIdcXOuitNtgVetcNZxCNDbO+xe/YFTswl/ELb21owDYJ1yxoCNlpgathG4TqdvGyK4mRKqUhKVqpBLB3kEara0aksWNw2jLhqtgBDPJXiyy+sh2m1JWJr0zK1+Ovl5CCmjKm5Lxx4CZSp6RV59qo3W6W9nomLtRgXGshSBI5VdlIkqU2hKu29MIlToApU4Be4pLR+6JJdPjf1LlUq12oqj1WqFK0SFVuSqj6pKc8Klf3GRspSbM+o7RZHGw7MYRxl7LCUEr1Q7vESFrjxnl0JaXBXrWqlXoCJam2wB3Cd6U4tvuCAqr70qavRI8FWfSSNz3tTUr5VvYJzaaYFqF8iVvfoHQgIpbPb0QQo3EXcFBcXjiOKuWxZ0VurSYW8EtBirm5kqP3uFNjVrldLSFDZUAdT809DYtg904uC3bAXM8libBrQ4LaWl20ADRXOIrI49h1TNmaJCE0WumCCF6kKDXidChF5gzZ0CjLHm4rDJjvYTwTHWp5LWtwjon/hXRY9bbjEvszyUfuruS3X4V0XDhPRPdLjGUqDhwRO2plHvwjonNw2E90cDvZFJE/cykjYIlcIVj2a6GKNHtULFQxKxL2kBHAxO9kqhV55cWNZjC0NkcEK9lVDS0scvWDbA8Ez3Fn6Qr9J08mt31W6ZHR4KRlKoTowr1X8NYfyj0SGGsHAJ+i8vP7ayqPbDgVdpYK48FuWWjRwUrbdqPo+MZTwDop29nByWyZbhStt0aK1jW9mQnt7MrattQpW26ryXpiR2dI2JSdgdSNHFbkUApG0UeS28pv8AsxcOPdM+KFP7O3jfyA+BXt7bYcl33RvJVotvDadpeMMmk/ygoth7rnNLqT/ovW3WTeQXW2reSNDbM4MKmUZ2keKNi3ndXPZgcF2EjVPdhyXPdhyV2FyEaLal7sOSabYK+QuZUaPah7qE02qIwlCXkeg33QJIllSR5g9MmV1JJYNjwpAkkqKuqVqSSojmpFJJAJyQSSTJLTVqmkknE1M1SBcSVE6FM1JJBJGpwSSVBwpBJJBOOXCkkkZqRSSTDqTkklIMKaUkkAkkkkB//9k=', ''),
('E1f2G3h4I5', 'sina.cappac@gmail.com', 'Usuario 7', 'Apellido 7', '1990-07-07', 'Dirección 7', 7, 78901, 789012345, '1234', 'https://encrypted-tbn0.gstatic.com/images?q=tbn:ANd9GcRgn4sRVd5JD7125MWa7kDvhXjC9vsC874VZA&usqp=CAU', ''),
('F6g7H8i9J0', 'usuario2@example.com', 'Usuario 2', 'Apellido 2', '1990-02-02', 'Dirección 2', 2, 23456, 234567890, 'contraseña2', 'imagen2.jpg', ''),
('J6k7L8m9N0', 'usuario8@example.com', 'Usuario 8', 'Apellido 8', '1990-08-08', 'Dirección 8', 8, 89012, 890123456, 'contraseña8', 'imagen8.jpg', ''),
('K1l2M3n4O5', 'mani.mani@gmail.com', 'mani', 'mani', '1990-03-03', 'Dirección 3', 3, 34567, 345678901, 'contraseña3', 'https://encrypted-tbn0.gstatic.com/images?q=tbn:ANd9GcSm8ErlMlPdnS5zbhJ2KL339H-cCsjrxjMl8A&usqp=CAU', ''),
('P6q7R8s9T0', 'usuario4@example.com', 'Usuario 4', 'Apellido 4', '1990-04-04', 'Dirección 4', 4, 45678, 456789012, 'contraseña4', 'https://encrypted-tbn0.gstatic.com/images?q=tbn:ANd9GcRgn4sRVd5JD7125MWa7kDvhXjC9vsC874VZA&usqp=CAU', ''),
('U1v2W3x4Y5', 'usuario5@example.com', 'Usuario 5', 'Apellido 5', '1990-05-05', 'Dirección 5', 5, 56789, 567890123, 'contraseña5', 'imagen5.jpg', ''),
('Z6a7B8c9D0', 'usuario6@example.com', 'Usuario 6', 'Apellido 6', '1990-06-06', 'Dirección 6', 6, 67890, 678901234, 'contraseña6', 'imagen6.jpg', '');

-- --------------------------------------------------------

--
-- Table structure for table `views`
--

CREATE TABLE `views` (
  `id` int(11) NOT NULL,
  `user_id` varchar(10) NOT NULL,
  `story_id` int(10) NOT NULL
) ENGINE=InnoDB DEFAULT CHARSET=utf8mb4;

--
-- Dumping data for table `views`
--

INSERT INTO `views` (`id`, `user_id`, `story_id`) VALUES
(1, 'A1b2C3d4E5', 0),
(2, 'E1f2G3h4I5', 0);

--
-- Indexes for dumped tables
--

--
-- Indexes for table `comments`
--
ALTER TABLE `comments`
  ADD PRIMARY KEY (`id`);

--
-- Indexes for table `followers`
--
ALTER TABLE `followers`
  ADD PRIMARY KEY (`id`);

--
-- Indexes for table `likes`
--
ALTER TABLE `likes`
  ADD PRIMARY KEY (`id`);

--
-- Indexes for table `pets`
--
ALTER TABLE `pets`
  ADD PRIMARY KEY (`pet_id`);

--
-- Indexes for table `storys`
--
ALTER TABLE `storys`
  ADD PRIMARY KEY (`id`);

--
-- Indexes for table `users`
--
ALTER TABLE `users`
  ADD PRIMARY KEY (`id`,`email`);

--
-- Indexes for table `views`
--
ALTER TABLE `views`
  ADD PRIMARY KEY (`id`);

--
-- AUTO_INCREMENT for dumped tables
--

--
-- AUTO_INCREMENT for table `comments`
--
ALTER TABLE `comments`
  MODIFY `id` int(11) NOT NULL AUTO_INCREMENT, AUTO_INCREMENT=24;

--
-- AUTO_INCREMENT for table `followers`
--
ALTER TABLE `followers`
  MODIFY `id` int(11) NOT NULL AUTO_INCREMENT, AUTO_INCREMENT=3;

--
-- AUTO_INCREMENT for table `likes`
--
ALTER TABLE `likes`
  MODIFY `id` int(11) NOT NULL AUTO_INCREMENT, AUTO_INCREMENT=4;

--
-- AUTO_INCREMENT for table `views`
--
ALTER TABLE `views`
  MODIFY `id` int(11) NOT NULL AUTO_INCREMENT, AUTO_INCREMENT=3;
COMMIT;

/*!40101 SET CHARACTER_SET_CLIENT=@OLD_CHARACTER_SET_CLIENT */;
/*!40101 SET CHARACTER_SET_RESULTS=@OLD_CHARACTER_SET_RESULTS */;
/*!40101 SET COLLATION_CONNECTION=@OLD_COLLATION_CONNECTION */;
